Workbook

Sheet Wheat
A1: From | B1: From_District | C1: Block | D1: Distance | E1: QKM
A2: Issue Centre | B2: Agar | C2: =IFERROR(VLOOKUP(#REF!,[2]Sheet1!A$2:B$277,2,FALSE),0) -> 0 | D2: 20.285 | E2: 5360.1084
A3: Issue Centre | B3: Agar | C3: =IFERROR(VLOOKUP(#REF!,[2]Sheet1!A$2:B$277,2,FALSE),0) -> 0 | D3: 20.139 | E3: 6619.2865
A4: Issue Centre | B4: Agar | C4: =IFERROR(VLOOKUP(#REF!,[2]Sheet1!A$2:B$277,2,FALSE),0) -> 0 | D4: 13.506 | E4: 5299.7544
A5: Issue Centre | B5: Agar | C5: =IFERROR(VLOOKUP(#REF!,[2]Sheet1!A$2:B$277,2,FALSE),0) -> 0 | D5: 20.728 | E5: 8797.7923
A6: Issue Centre | B6: Agar | C6: =IFERROR(VLOOKUP(#REF!,[2]Sheet1!A$2:B$277,2,FALSE),0) -> 0 | D6: 17.868 | E6: 11424.084
A7: Issue Centre | B7: Agar | C7: =IFERROR(VLOOKUP(#REF!,[2]Sheet1!A$2:B$277,2,FALSE),0) -> 0 | D7: 16.872 | E7: 12603.384
A8: Issue Centre | B8: Agar | C8: =IFERROR(VLOOKUP(#REF!,[2]Sheet1!A$2:B$277,2,FALSE),0) -> 0 | D8: 16.853 | E8: 6904.337
A9: Issue Centre | B9: Agar | C9: =IFERROR(VLOOKUP(#REF!,[2]Sheet1!A$2:B$277,2,FALSE),0) -> 0 | D9: 26.615 | E9: 8805.3066
A10: Issue Centre | B10: Agar | C10: =IFERROR(VLOOKUP(#REF!,[2]Sheet1!A$2:B$277,2,FALSE),0) -> 0 | D10: 15.247 | E10: 7497.8647
A11: Issue Centre | B11: Agar | C11: =IFERROR(VLOOKUP(#REF!,[2]Sheet1!A$2:B$277,2,FALSE),0) -> 0 | D11: 18.127 | E11: 6728.0173
A12: Issue Centre | B12: Agar | C12: =IFERROR(VLOOKUP(#REF!,[2]Sheet1!A$2:B$277,2,FALSE),0) -> 0 | D12: 20.568 | E12: 8093.0966
A13: Issue Centre | B13: Agar | C13: =IFERROR(VLOOKUP(#REF!,[2]Sheet1!A$2:B$277,2,FALSE),0) -> 0 | D13: 13.197 | E13: 5097.7372
... A4669: Issue Centre | B4669: Vidisha | C4669: =IFERROR(VLOOKUP(#REF!,[2]Sheet1!A$2:B$277,2,FALSE),0) -> 0 | D4669: 26.412 | E4669: 11707.911

Sheet Rice
A1: Scenario | B1: From | C1: From_State | D1: From_ID | E1: Not Exist in Current IC List | F1: FPS Mapped With IC As Per August | G1: Diff | H1: From_District | I1: From_Lat | J1: From_Long | K1: To | L1: To_ID | M1: Not Exist in Current FPS List | N1: To_State | O1: To_District | P1: To_Lat | Q1: To_Long | R1: Commodity | S1: Quantity | T1: Distance | U1: QKM | V1: Accepted/Not-Accepted | W1: Reason | X1: Alternate IC if Not Accepted
A2: Intra_Leg2 | B2: Issue Centre | C2: Madhya Pradesh | D2: 2351003 | E2: =IFERROR(VLOOKUP(D2,'[1]241 IC'!A$2:B$242,1,FALSE),0) -> 2351003 | F2: =IFERROR(VLOOKUP(M2,Sheet3!A$2:B$28565,2,FALSE),0) -> 2351004 | G2: =D2-F2 -> -1 | H2: Agar | I2: 23.93951 | J2: 76.0994 | K2: FPS | L2: 1906022 | M2: =IFERROR(VLOOKUP(L2,'[1]FPS As Per August Key Re AePDS'!A$1:B$27826,1,FALSE),0) -> 1906022 | N2: Madhya Pradesh | O2: Agar | P2: 23.876334 | Q2: 76.039624 | R2: Rice | S2: 176.16 | T2: 20.285 | U2: 3573.4056
A3: Intra_Leg2 | B3: Issue Centre | C3: Madhya Pradesh | D3: 2351003 | E3: =IFERROR(VLOOKUP(D3,'[1]241 IC'!A$2:B$242,1,FALSE),0) -> 2351003 | F3: =IFERROR(VLOOKUP(M3,Sheet3!A$2:B$28565,2,FALSE),0) -> 2351004 | G3: =D3-F3 -> -1 | H3: Agar | I3: 23.93951 | J3: 76.0994 | K3: FPS | L3: 1906029 | M3: =IFERROR(VLOOKUP(L3,'[1]FPS As Per August Key Re AePDS'!A$1:B$27826,1,FALSE),0) -> 1906029 | N3: Madhya Pradesh | O3: Agar | P3: 23.916824 | Q3: 75.966544 | R3: Rice | S3: 219.12 | T3: 20.139 | U3: 4412.8577
A4: Intra_Leg2 | B4: Issue Centre | C4: Madhya Pradesh | D4: 2351003 | E4: =IFERROR(VLOOKUP(D4,'[1]241 IC'!A$2:B$242,1,FALSE),0) -> 2351003 | F4: =IFERROR(VLOOKUP(M4,Sheet3!A$2:B$28565,2,FALSE),0) -> 2351004 | G4: =D4-F4 -> -1 | H4: Agar | I4: 23.93951 | J4: 76.0994 | K4: FPS | L4: 1906030 | M4: =IFERROR(VLOOKUP(L4,'[1]FPS As Per August Key Re AePDS'!A$1:B$27826,1,FALSE),0) -> 1906030 | N4: Madhya Pradesh | O4: Agar | P4: 23.902767 | Q4: 75.99762 | R4: Rice | S4: 261.6 | T4: 13.506 | U4: 3533.1696
A5: Intra_Leg2 | B5: Issue Centre | C5: Madhya Pradesh | D5: 2351003 | E5: =IFERROR(VLOOKUP(D5,'[1]241 IC'!A$2:B$242,1,FALSE),0) -> 2351003 | F5: =IFERROR(VLOOKUP(M5,Sheet3!A$2:B$28565,2,FALSE),0) -> 2351004 | G5: =D5-F5 -> -1 | H5: Agar | I5: 23.93951 | J5: 76.0994 | K5: FPS | L5: 1906034 | M5: =IFERROR(VLOOKUP(L5,'[1]FPS As Per August Key Re AePDS'!A$1:B$27826,1,FALSE),0) -> 1906034 | N5: Madhya Pradesh | O5: Agar | P5: 23.87186 | Q5: 75.945381 | R5: Rice | S5: 282.96 | T5: 20.728 | U5: 5865.1949
A6: Intra_Leg2 | B6: Issue Centre | C6: Madhya Pradesh | D6: 2351003 | E6: =IFERROR(VLOOKUP(D6,'[1]241 IC'!A$2:B$242,1,FALSE),0) -> 2351003 | F6: =IFERROR(VLOOKUP(M6,Sheet3!A$2:B$28565,2,FALSE),0) -> 2351004 | G6: =D6-F6 -> -1 | H6: Agar | I6: 23.93951 | J6: 76.0994 | K6: FPS | L6: 5102042 | M6: =IFERROR(VLOOKUP(L6,'[1]FPS As Per August Key Re AePDS'!A$1:B$27826,1,FALSE),0) -> 5102042 | N6: Madhya Pradesh | O6: Agar | P6: 23.850823 | Q6: 76.051737 | R6: Rice | S6: 426.24 | T6: 17.868 | U6: 7616.0563
A7: Intra_Leg2 | B7: Issue Centre | C7: Madhya Pradesh | D7: 2351003 | E7: =IFERROR(VLOOKUP(D7,'[1]241 IC'!A$2:B$242,1,FALSE),0) -> 2351003 | F7: =IFERROR(VLOOKUP(M7,Sheet3!A$2:B$28565,2,FALSE),0) -> 2351004 | G7: =D7-F7 -> -1 | H7: Agar | I7: 23.93951 | J7: 76.0994 | K7: FPS | L7: 5102043 | M7: =IFERROR(VLOOKUP(L7,'[1]FPS As Per August Key Re AePDS'!A$1:B$27826,1,FALSE),0) -> 5102043 | N7: Madhya Pradesh | O7: Agar | P7: 23.867014 | Q7: 75.997008 | R7: Rice | S7: 498 | T7: 16.872 | U7: 8402.256
A8: Intra_Leg2 | B8: Issue Centre | C8: Madhya Pradesh | D8: 2351003 | E8: =IFERROR(VLOOKUP(D8,'[1]241 IC'!A$2:B$242,1,FALSE),0) -> 2351003 | F8: =IFERROR(VLOOKUP(M8,Sheet3!A$2:B$28565,2,FALSE),0) -> 2351004 | G8: =D8-F8 -> -1 | H8: Agar | I8: 23.93951 | J8: 76.0994 | K8: FPS | L8: 5102050 | M8: =IFERROR(VLOOKUP(L8,'[1]FPS As Per August Key Re AePDS'!A$1:B$27826,1,FALSE),0) -> 5102050 | N8: Madhya Pradesh | O8: Agar | P8: 23.869781 | Q8: 76.02404 | R8: Rice | S8: 273.12 | T8: 16.853 | U8: 4602.8914
A9: Intra_Leg2 | B9: Issue Centre | C9: Madhya Pradesh | D9: 2351003 | E9: =IFERROR(VLOOKUP(D9,'[1]241 IC'!A$2:B$242,1,FALSE),0) -> 2351003 | F9: =IFERROR(VLOOKUP(M9,Sheet3!A$2:B$28565,2,FALSE),0) -> 2351004 | G9: =D9-F9 -> -1 | H9: Agar | I9: 23.93951 | J9: 76.0994 | K9: FPS | L9: 5102051 | M9: =IFERROR(VLOOKUP(L9,'[1]FPS As Per August Key Re AePDS'!A$1:B$27826,1,FALSE),0) -> 5102051 | N9: Madhya Pradesh | O9: Agar | P9: 23.881851 | Q9: 75.924252 | R9: Rice | S9: 220.56 | T9: 26.615 | U9: 5870.2044
A10: Intra_Leg2 | B10: Issue Centre | C10: Madhya Pradesh | D10: 2351003 | E10: =IFERROR(VLOOKUP(D10,'[1]241 IC'!A$2:B$242,1,FALSE),0) -> 2351003 | F10: =IFERROR(VLOOKUP(M10,Sheet3!A$2:B$28565,2,FALSE),0) -> 2351004 | G10: =D10-F10 -> -1 | H10: Agar | I10: 23.93951 | J10: 76.0994 | K10: FPS | L10: 5102054 | M10: =IFERROR(VLOOKUP(L10,'[1]FPS As Per August Key Re AePDS'!A$1:B$27826,1,FALSE),0) -> 5102054 | N10: Madhya Pradesh | O10: Agar | P10: 23.919688 | Q10: 75.981318 | R10: Rice | S10: 327.84 | T10: 15.247 | U10: 4998.5765
A11: Intra_Leg2 | B11: Issue Centre | C11: Madhya Pradesh | D11: 2351002 | E11: =IFERROR(VLOOKUP(D11,'[1]241 IC'!A$2:B$242,1,FALSE),0) -> 2351002 | F11: =IFERROR(VLOOKUP(M11,Sheet3!A$2:B$28565,2,FALSE),0) -> 2351003 | G11: =D11-F11 -> -1 | H11: Agar | I11: 23.834046 | J11: 76.234075 | K11: FPS | L11: 5103026 | M11: =IFERROR(VLOOKUP(L11,'[1]FPS As Per August Key Re AePDS'!A$1:B$27826,1,FALSE),0) -> 5103026 | N11: Madhya Pradesh | O11: Agar | P11: 23.940324 | Q11: 76.244438 | R11: Rice | S11: 247.44 | T11: 18.127 | U11: 4485.3449
A12: Intra_Leg2 | B12: Issue Centre | C12: Madhya Pradesh | D12: 2351001 | E12: =IFERROR(VLOOKUP(D12,'[1]241 IC'!A$2:B$242,1,FALSE),0) -> 2351001 | F12: =IFERROR(VLOOKUP(M12,Sheet3!A$2:B$28565,2,FALSE),0) -> 2351002 | G12: =D12-F12 -> -1 | H12: Agar | I12: 23.71519 | J12: 76.02073 | K12: FPS | L12: 5104014 | M12: =IFERROR(VLOOKUP(L12,'[1]FPS As Per August Key Re AePDS'!A$1:B$27826,1,FALSE),0) -> 5104014 | N12: Madhya Pradesh | O12: Agar | P12: 23.717973 | Q12: 76.156671 | R12: Rice | S12: 262.32 | T12: 20.568 | U12: 5395.3978
A13: Intra_Leg2 | B13: Issue Centre | C13: Madhya Pradesh | D13: 2351002 | E13: =IFERROR(VLOOKUP(D13,'[1]241 IC'!A$2:B$242,1,FALSE),0) -> 2351002 | F13: =IFERROR(VLOOKUP(M13,Sheet3!A$2:B$28565,2,FALSE),0) -> 2351001 | G13: =D13-F13 -> 1 | H13: Agar | I13: 23.834046 | J13: 76.234075 | K13: FPS | L13: 1905039 | M13: =IFERROR(VLOOKUP(L13,'[1]FPS As Per August Key Re AePDS'!A$1:B$27826,1,FALSE),0) -> 1905039 | N13: Madhya Pradesh | O13: Agar | P13: 23.777838 | Q13: 76.135424 | R13: Rice | S13: 257.52 | T13: 13.197 | U13: 3398.4914
... A4669: Intra_Leg2 | B4669: Issue Centre | C4669: Madhya Pradesh | D4669: 2327006 | E4669: =IFERROR(VLOOKUP(D4669,'[1]241 IC'!A$2:B$242,1,FALSE),0) -> 2327006 | F4669: =IFERROR(VLOOKUP(M4669,Sheet3!A$2:B$28565,2,FALSE),0) -> 2327001 | G4669: =D4669-F4669 -> 5 | H4669: Vidisha | I4669: 24.089532 | J4669: 77.687235 | K4669: FPS | L4669: 2703091 | M4669: =IFERROR(VLOOKUP(L4669,'[1]FPS As Per August Key Re AePDS'!A$1:B$27826,1,FALSE),0) -> 2703091 | N4669: Madhya Pradesh | O4669: Vidisha | P4669: 23.960565 | Q4669: 77.778245 | R4669: Rice | S4669: 664.92 | T4669: 26.412 | U4669: 17561.867

Sheet Sheet3
A1: FPS ID | B1: IC
A2: 1906001 | B2: 2351004
A3: 1906002 | B3: 2351004
A4: 1906003 | B4: 2351004
A5: 1906004 | B5: 2351004
A6: 1906005 | B6: 2351004
A7: 1906006 | B7: 2351004
A8: 1906007 | B8: 2351004
A9: 1906008 | B9: 2351004
A10: 1906009 | B10: 2351004
A11: 1906010 | B11: 2351004
A12: 1906011 | B12: 2351004
A13: 1906012 | B13: 2351004
... A24694: 1003114 | B24694: 2310002
A24695: शाहगढ-2 | B24695: 231000905
A24696: 1005004 | B24696: 231000905
A24697: 1005005 | B24697: 231000905
A24698: 1005006 | B24698: 231000905
A24699: 1005007 | B24699: 231000905
A24700: 1005008 | B24700: 231000905
A24701: 1005010 | B24701: 231000905
A24702: 1005012 | B24702: 231000905
A24703: 1005014 | B24703: 231000905
A24704: 1005015 | B24704: 231000905
A24705: 1005016 | B24705: 231000905
A24706: 1005019 | B24706: 231000905
A24707: 1005020 | B24707: 231000905
... A28565: 1807130 | B28565: 2318001
